elev_deg,tof_s,range_m,bearing_deg
5.0,8.074919974937629,3319.557855633798,8.039601947261362e-19
6.0,9.585352247834717,3839.667798537392,-2.936005646228704e-18
7.0,11.058352808113474,4325.450718745633,-9.172518470214548e-20
8.0,12.492658835095332,4782.404544360702,1.600206130547034e-18
9.0,13.891468860930784,5215.264751539789,1.5589033660636278e-18
10.0,15.259778580540473,5627.590790083366,-4.709750045128558e-19
