elev_deg,tof_s,range_m,bearing_deg
5.0,8.074919974937629,3319.557855633798,8.039601947261362e-19
6.0,9.585352247834717,3839.667798537392,-2.936005646228704e-18
